{"leetcode":{"easy":3,"hard":1,"medium":2,"shas":{"0021-merge-two-sorted-lists":{"0021-merge-two-sorted-lists.py":"a4e6c7e0a998fabf9625518ece0d268e4f9f7ab3","README.md":"859aec2842f4b0ee5bcbc96fb86ed1988c287b12"},"0028-find-the-index-of-the-first-occurrence-in-a-string":{"0028-find-the-index-of-the-first-occurrence-in-a-string.cpp":"5d876bb23dbaab53b9071fc858e856de9b6de572","README.md":"60a38c1aa8acb919956578f278c9060fb7db97b8"},"0069-sqrtx":{"0069-sqrtx.java":"f40c1c0f5f19fbbea14320b908b72dc7be2e89ce","README.md":"7e5ae55a48395ad7ba6e25814d16265ea3cbc3e5","difficulty":"easy"},"0083-remove-duplicates-from-sorted-list":{"0083-remove-duplicates-from-sorted-list.py":"c8f7d7aeb1e03218da95be2a08d0add794715bce","README.md":"9e0949f9f309216274ffb754d658f9e827034229"},"0201-bitwise-and-of-numbers-range":{"README.md":"e55e5e503658eac75ba088a17c9bbcc7652e6138"},"README.md":{"":"f849ee6f43fee84c877df78513e39d2e4d2d0273"},"0179-largest-number":{"0179-largest-number.py":"c72e85720ab0bd8a1b91cd2eb59923c493f1d1d4","README.md":"039ece5f1090490107e1fb702ac1565ead54be25","difficulty":"medium"},"stats.json":{"":"99ebc6a45a0e1cc093c7e057b51730ee2330182f"},"0020-valid-parentheses":{"0020-valid-parentheses.py":"c417d9a99a95f643488c9ceb5c7837950af97809","README.md":"cd6320f8cb09fba0fb72aa44268e4aa33fff7cf9","difficulty":"easy"},"0162-find-peak-element":{"README.md":"511544c464bc7b44d0e1c5d6931b7e4e6c3d9ce9","difficulty":"medium","0162-find-peak-element.py":"cae9134b64b032696531642c7dddc072ccab7126"},"0051-n-queens":{"0051-n-queens.py":"3685e1009fe416913b2196eec7124c32af283cec","README.md":"4741c0c5c18739645871f08152664290bd190687","difficulty":"hard"},"0094-binary-tree-inorder-traversal":{"0094-binary-tree-inorder-traversal.py":"c192a8034e519e3dd8f9fbe64e9e626742b04545","README.md":"bd34dc7858ef18ca0298bb98d645a48123cf98b8","difficulty":"easy"}},"solved":6}}